pokemon,dex_number,red0,blue0,green0,red1,blue1,green1,red2,blue2,green2,red3,blue3,green3,red4,blue4,green4,proportion0,proportion1,proportion2,proportion3,proportion4
bulbasaur.png,1,56,124,105,109,189,152,154,189,93,108,100,58,119,170,55,0.1592,0.1177,0.0698,0.0511,0.0476
ivysaur.png,2,45,129,70,103,191,142,77,166,83,24,90,42,21,54,31,0.2368,0.115,0.0786,0.0488,0.046
venusaur.png,3,46,129,65,99,196,133,229,137,104,72,168,78,149,77,49,0.1576,0.1516,0.1166,0.0886,0.08
charmander.png,4,184,78,31,220,147,85,246,202,103,208,103,55,66,38,23,0.2011,0.1725,0.0318,0.0206,0.0204
charmeleon.png,5,183,71,39,214,141,104,218,91,58,62,31,24,245,204,107,0.2347,0.1758,0.0476,0.0335,0.0244
charizard.png,6,176,82,34,224,145,84,31,109,136,26,64,102,67,39,23,0.2245,0.1781,0.0561,0.0356,0.0333
squirtle.png,7,119,178,165,74,115,102,147,209,196,202,160,102,191,222,198,0.1716,0.0814,0.0703,0.0646,0.0504
wartortle.png,8,117,159,198,74,99,142,201,162,99,74,127,185,196,229,197,0.1269,0.1088,0.0679,0.0566,0.0546
blastoise.png,9,64,128,192,16,16,16,206,163,108,72,72,128,104,168,224,0.0889,0.0852,0.0813,0.0712,0.0669
caterpie.png,10,121,102,46,182,167,95,123,162,59,40,39,25,206,215,111,0.1585,0.129,0.0998,0.0423,0.0325
metapod.png,11,115,165,53,151,192,93,91,115,53,35,42,25,172,232,100,0.1365,0.1093,0.0704,0.0265,0.0238
butterfree.png,12,88,89,109,155,156,166,215,215,218,146,80,61,41,42,53,0.0961,0.0805,0.0283,0.0264,0.0231
weedle.png,13,163,90,35,211,161,87,63,40,27,160,159,166,242,214,113,0.174,0.1343,0.0387,0.0297,0.0284
kakuna.png,14,206,165,98,245,206,106,130,99,43,178,135,55,45,38,25,0.1437,0.1236,0.0852,0.0367,0.0308
beedrill.png,15,184,158,116,115,94,71,34,33,31,221,211,235,175,163,179,0.0834,0.0702,0.059,0.0581,0.0561
pidgey.png,16,127,93,72,189,157,115,235,208,125,49,37,30,162,131,82,0.1478,0.1471,0.044,0.0346,0.0129
pidgeotto.png,17,139,82,62,193,153,106,240,223,97,196,103,72,54,43,38,0.1767,0.1165,0.0702,0.0538,0.0319
pidgeot.png,18,221,179,101,141,78,60,190,111,79,88,56,40,16,16,16,0.1206,0.0896,0.0537,0.0522,0.042
rattata.png,19,125,78,116,180,138,179,156,158,158,166,163,158,164,104,157,0.1418,0.1232,0.0502,0.0431,0.035
raticate.png,20,193,165,98,132,103,52,237,223,106,175,140,59,44,37,25,0.2099,0.167,0.0936,0.0756,0.0529
spearow.png,21,143,89,46,193,149,122,63,37,23,227,81,65,189,141,49,0.1889,0.1468,0.0661,0.0495,0.0454
fearow.png,22,143,92,37,201,161,107,193,144,51,57,37,20,244,197,118,0.1406,0.1061,0.0845,0.0433,0.0191
ekans.png,23,141,72,119,188,128,166,198,156,114,171,101,143,123,91,67,0.168,0.1253,0.0637,0.0516,0.0451
arbok.png,24,137,69,117,191,130,169,57,30,50,172,101,149,36,24,21,0.1943,0.1359,0.0637,0.0518,0.0494
pikachu.png,25,216,171,4,246,228,0,131,99,45,170,163,142,42,37,26,0.1489,0.1407,0.0641,0.0305,0.0295
raichu.png,26,225,164,9,138,97,47,174,160,131,245,222,77,54,42,27,0.1499,0.1023,0.0615,0.0423,0.0252
sandshrew.png,27,187,167,8,122,105,52,170,166,147,220,218,0,43,39,24,0.1779,0.1005,0.0784,0.0528,0.0387
sandslash.png,28,129,106,37,181,158,36,173,165,128,105,77,7,56,43,16,0.1844,0.1025,0.0987,0.0731,0.0671
nidoranf.png,29,132,170,183,191,220,228,73,106,122,162,204,213,35,47,56,0.1964,0.1467,0.1214,0.0235,0.0209
nidorina.png,30,129,175,188,73,107,126,189,220,227,37,49,54,25,58,114,0.2415,0.1226,0.0829,0.0212,0.0183
nidoqueen.png,31,121,171,186,73,107,120,186,169,120,114,97,63,222,201,137,0.2309,0.136,0.0448,0.0386,0.0353
nidoranm.png,32,204,140,194,134,72,133,179,96,178,232,203,230,54,32,53,0.1778,0.139,0.1079,0.0391,0.0325
nidorino.png,33,202,139,193,139,70,138,178,96,177,54,31,53,229,205,227,0.1784,0.1557,0.1201,0.0443,0.0418
nidoking.png,34,135,70,131,201,137,191,179,96,176,56,30,54,163,162,151,0.1614,0.1417,0.1171,0.0355,0.0328
clefairy.png,35,215,140,126,135,87,72,67,34,20,176,104,93,243,172,146,0.2564,0.0993,0.046,0.0352,0.0263
clefable.png,36,226,144,124,139,79,63,199,97,79,245,172,145,52,34,28,0.213,0.0831,0.0466,0.0288,0.02
vulpix.png,37,160,83,28,216,152,97,68,38,17,215,104,41,193,121,54,0.1967,0.1712,0.05,0.0285,0.0142
ninetales.png,38,245,207,106,200,161,93,134,101,51,177,133,59,52,44,31,0.194,0.1402,0.0965,0.0506,0.0196
jigglypuff.png,39,207,135,124,245,167,159,150,75,57,190,99,82,46,31,26,0.1659,0.1546,0.1048,0.0396,0.038
wigglytuff.png,40,219,145,124,144,83,55,45,31,23,218,93,72,243,169,149,0.1463,0.0865,0.0303,0.028,0.0219
zubat.png,41,118,110,176,91,83,129,148,142,191,136,72,129,171,163,231,0.0744,0.0609,0.0511,0.0335,0.0261
golbat.png,42,154,67,133,81,76,142,10,10,10,112,104,183,153,150,189,0.1126,0.0528,0.0425,0.0405,0.039
oddish.png,43,153,188,100,74,101,120,117,167,55,94,116,53,126,152,166,0.0993,0.0961,0.0945,0.0892,0.049
gloom.png,44,161,90,35,71,99,116,192,153,110,58,35,17,128,153,166,0.1865,0.1153,0.0915,0.0647,0.0463
vileplume.png,45,235,138,101,156,81,56,214,96,51,78,105,118,124,155,170,0.1842,0.0777,0.0756,0.0658,0.0478
paras.png,46,198,166,105,129,95,54,42,34,25,181,137,53,229,207,116,0.1594,0.1438,0.0854,0.048,0.0313
parasect.png,47,228,79,60,176,64,48,16,16,16,129,28,16,237,130,88,0.1894,0.0671,0.063,0.0351,0.023
venonat.png,48,124,74,132,183,145,129,174,126,182,127,91,76,158,102,165,0.1813,0.0889,0.0675,0.0645,0.0377
venomoth.png,49,237,209,243,176,145,194,207,174,223,165,139,190,114,81,140,0.2746,0.1157,0.0604,0.0356,0.0334
diglett.png,50,145,93,46,186,152,110,60,40,24,152,135,88,207,204,164,0.1671,0.1383,0.0322,0.0166,0.0064
dugtrio.png,51,190,145,99,147,88,42,69,37,17,166,129,78,203,202,162,0.1832,0.1822,0.0417,0.021,0.0087
meowth.png,52,198,165,98,137,99,44,238,213,119,184,141,44,42,33,22,0.1576,0.0997,0.0923,0.0678,0.0562
persian.png,53,194,169,104,239,215,122,132,105,51,172,140,59,41,36,25,0.1138,0.0977,0.0801,0.0476,0.0424
psyduck.png,54,211,166,75,242,205,91,132,104,53,180,137,52,46,39,26,0.1466,0.0961,0.0633,0.0341,0.0287
golduck.png,55,136,164,193,75,101,129,90,121,167,168,166,134,189,211,226,0.1807,0.114,0.0599,0.0226,0.0186
mankey.png,56,189,165,108,128,102,52,229,206,128,171,138,57,47,40,27,0.1302,0.123,0.0831,0.0588,0.0318
primeape.png,57,195,166,115,130,103,53,43,32,15,171,137,63,223,197,139,0.1738,0.1574,0.0648,0.0372,0.0186
growlithe.png,58,149,99,37,192,161,106,45,32,19,221,205,142,177,133,58,0.1901,0.1408,0.0688,0.0597,0.0328
arcanine.png,59,219,166,101,150,82,51,52,27,20,240,208,122,172,130,73,0.2098,0.1837,0.0969,0.065,0.0201
poliwag.png,60,91,97,125,143,149,173,163,158,157,101,101,101,30,30,30,0.0743,0.0548,0.0399,0.0198,0.0175
poliwhirl.png,61,163,163,163,90,94,136,101,101,101,143,151,183,31,31,31,0.0947,0.0902,0.0834,0.0766,0.0378
poliwrath.png,62,91,92,131,164,164,164,144,150,182,99,99,99,175,183,222,0.1201,0.099,0.0845,0.0771,0.0481
abra.png,63,190,163,20,243,230,55,132,107,31,50,41,17,168,160,136,0.1569,0.1396,0.0881,0.0471,0.0405
kadabra.png,64,191,162,17,129,104,37,242,227,50,52,41,18,174,161,134,0.179,0.1376,0.0981,0.061,0.052
alakazam.png,65,129,103,42,192,162,18,244,231,53,170,161,133,56,40,14,0.121,0.1038,0.0792,0.0446,0.0395
machop.png,66,132,169,140,76,110,84,189,219,195,35,48,38,109,106,83,0.1952,0.1042,0.0401,0.0308,0.0196
machoke.png,67,158,139,187,100,82,124,185,169,217,133,111,163,44,38,53,0.1713,0.1093,0.0967,0.0411,0.0355
machamp.png,68,77,112,82,134,174,138,167,207,175,101,150,102,33,46,36,0.1544,0.1445,0.0805,0.0688,0.0552
bellsprout.png,69,114,101,56,174,169,121,125,160,60,53,42,22,229,203,99,0.0881,0.0669,0.045,0.0323,0.0256
weepinbell.png,70,185,171,96,135,164,45,120,100,55,213,217,104,47,40,26,0.1231,0.1112,0.0893,0.0829,0.0283
victreebel.png,71,175,178,99,121,166,53,115,102,57,39,33,22,197,224,104,0.1355,0.134,0.1036,0.0677,0.0615
tentacool.png,72,101,166,208,120,99,70,61,106,144,175,158,137,145,141,91,0.114,0.0579,0.054,0.0428,0.0164
tentacruel.png,73,93,165,213,16,16,16,80,80,32,160,68,42,176,168,112,0.1331,0.0642,0.0529,0.0368,0.036
geodude.png,74,104,111,56,165,170,123,141,148,78,74,81,31,41,43,26,0.1343,0.0877,0.0619,0.0436,0.0421
graveler.png,75,120,128,48,167,175,96,80,72,16,16,16,16,200,208,128,0.1409,0.1248,0.0745,0.0603,0.0249
golem.png,76,108,108,50,184,174,106,38,38,21,148,144,66,78,81,26,0.1654,0.1639,0.1196,0.1074,0.071
ponyta.png,77,246,217,93,205,159,94,181,82,33,221,132,23,46,38,30,0.1906,0.1234,0.1163,0.0503,0.0233
rapidash.png,78,204,84,22,247,213,77,217,162,76,223,135,20,48,33,22,0.1353,0.1333,0.0885,0.0483,0.0252
slowpoke.png,79,230,136,105,158,78,47,236,71,39,65,32,21,243,214,113,0.226,0.0925,0.0836,0.0166,0.0079
slowbro.png,80,202,154,108,132,85,53,222,82,44,51,36,26,216,207,133,0.169,0.1148,0.0769,0.0405,0.0377
magnemite.png,81,46,43,42,140,173,147,98,87,84,197,222,204,148,147,147,0.0811,0.0796,0.0712,0.0644,0.025
magneton.png,82,44,43,42,200,229,207,144,172,150,111,86,82,163,156,153,0.1668,0.1187,0.0869,0.0866,0.0542
farfetchd.png,83,186,171,116,122,102,59,223,213,128,43,37,26,162,136,77,0.1759,0.1346,0.0576,0.0573,0.0372
doduo.png,84,182,154,116,124,100,71,42,37,30,158,131,85,211,198,155,0.1341,0.1265,0.0332,0.0243,0.0071
dodrio.png,85,182,158,118,121,101,73,40,35,29,160,130,85,226,124,149,0.1564,0.139,0.0529,0.0362,0.0119
seel.png,86,211,214,234,151,157,178,90,96,117,187,155,128,119,99,76,0.3297,0.0775,0.0379,0.0301,0.0224
dewgong.png,87,209,212,234,151,158,181,91,99,125,179,186,214,111,122,155,0.3085,0.0973,0.0405,0.0167,0.0095
grimer.png,88,185,147,175,127,82,135,155,109,156,222,199,218,46,33,49,0.2486,0.2017,0.0368,0.0332,0.0283
muk.png,89,144,88,152,192,152,176,225,189,218,88,48,112,16,16,16,0.1736,0.1453,0.0768,0.0748,0.0529
shellder.png,90,114,83,121,173,141,182,214,192,225,25,21,20,152,75,52,0.175,0.1684,0.0598,0.0478,0.042
cloyster.png,91,113,78,121,169,131,181,93,93,93,150,107,163,34,34,34,0.1803,0.1097,0.0408,0.0408,0.0335
gastly.png,92,253,253,253,124,83,114,214,212,214,83,48,84,50,35,50,0.3793,0.113,0.0416,0.0391,0.0204
haunter.png,93,121,80,139,181,134,189,56,31,49,151,101,165,100,42,73,0.271,0.0962,0.0426,0.0421,0.0335
gengar.png,94,128,69,119,183,130,170,168,99,146,61,36,59,88,49,84,0.3765,0.0886,0.0845,0.0305,0.0177
onix.png,95,165,158,158,108,102,102,41,39,39,132,125,125,196,188,188,0.1706,0.1667,0.0342,0.0076,0.0049
drowzee.png,96,129,96,46,202,169,20,244,216,60,183,166,112,63,46,21,0.1523,0.1271,0.1152,0.0406,0.0327
hypno.png,97,188,169,111,243,213,98,116,104,74,161,139,78,213,212,219,0.1692,0.1373,0.0883,0.0378,0.0345
krabby.png,98,209,147,97,162,87,44,61,38,24,211,103,53,221,205,129,0.1246,0.1134,0.0234,0.0169,0.0164
kingler.png,99,207,148,93,155,95,53,227,204,136,55,41,27,162,137,73,0.211,0.2023,0.0338,0.0257,0.0257
voltorb.png,100,190,62,22,190,151,142,237,83,39,240,170,156,143,31,18,0.2608,0.1624,0.1596,0.0558,0.0216
electrode.png,101,190,71,26,189,151,137,211,97,56,141,33,11,41,26,21,0.1381,0.1199,0.0286,0.0126,0.0109
exeggcute.png,102,211,148,118,150,77,51,247,176,136,203,105,78,54,33,26,0.1571,0.0768,0.051,0.0313,0.019
exeggutor.png,103,117,108,56,173,178,102,144,153,62,216,219,100,45,43,27,0.1432,0.1159,0.0874,0.0644,0.0317
cubone.png,104,129,98,63,181,164,130,162,134,81,65,50,39,202,195,172,0.1732,0.1524,0.0296,0.0235,0.0088
marowak.png,105,188,164,117,134,97,57,57,41,29,162,132,80,202,196,172,0.1495,0.1206,0.0284,0.0284,0.0095
hitmonlee.png,106,134,105,81,181,155,134,57,50,44,218,210,138,152,139,79,0.1717,0.1687,0.0162,0.0096,0.0064
hitmonchan.png,107,187,159,122,129,89,60,45,36,29,171,159,171,222,95,55,0.092,0.08,0.0422,0.0341,0.025
lickitung.png,108,232,136,106,187,68,38,211,92,64,56,27,20,142,30,14,0.2411,0.1448,0.0429,0.0232,0.0172
koffing.png,109,131,75,121,192,178,114,190,174,45,225,204,105,183,129,173,0.1263,0.1093,0.0786,0.0773,0.0699
weezing.png,110,195,146,158,134,75,101,172,103,133,184,173,127,63,36,48,0.1448,0.1306,0.091,0.0363,0.0248
rhyhorn.png,111,149,149,173,89,89,112,184,184,200,211,211,220,119,119,151,0.2087,0.135,0.0696,0.0493,0.0364
rhydon.png,112,175,173,163,141,141,147,95,95,101,107,97,85,43,43,45,0.1894,0.1531,0.1378,0.0509,0.0357
chansey.png,113,224,129,115,245,165,165,206,94,73,158,81,68,54,36,32,0.109,0.0829,0.0536,0.0472,0.0128
tangela.png,114,64,104,122,124,169,189,28,48,58,24,21,21,127,78,78,0.1964,0.1682,0.0739,0.0291,0.0277
kangaskhan.png,115,123,103,60,178,162,118,152,139,84,230,207,112,49,42,27,0.1903,0.1368,0.0611,0.0382,0.0377
horsea.png,116,127,157,185,79,101,119,183,169,118,160,191,231,189,210,232,0.1993,0.0969,0.0703,0.0618,0.0491
seadra.png,117,128,162,187,78,104,125,185,172,111,116,106,75,222,211,124,0.1568,0.1057,0.0872,0.0451,0.0367
goldeen.png,118,206,146,111,217,217,222,159,159,164,136,89,71,101,101,104,0.1132,0.1009,0.0596,0.0476,0.0224
seaking.png,119,213,213,219,157,160,167,215,133,111,165,74,55,99,100,104,0.1626,0.1168,0.0882,0.0864,0.0411
staryu.png,120,193,165,106,135,98,49,170,141,45,230,207,100,50,43,26,0.1245,0.1193,0.0871,0.0442,0.0236
starmie.png,121,123,71,125,177,135,184,57,32,59,153,85,36,191,168,109,0.1505,0.1462,0.0476,0.0473,0.0461
mrmime.png,122,87,93,105,151,77,68,190,146,140,148,153,161,207,95,76,0.1009,0.0843,0.0748,0.0665,0.0539
scyther.png,123,158,187,109,93,115,61,102,180,41,190,229,106,125,163,64,0.1014,0.0605,0.0583,0.057,0.0454
jynx.png,124,214,138,91,160,76,34,241,211,109,125,70,118,192,142,50,0.1926,0.1481,0.057,0.0517,0.0425
electabuzz.png,125,204,163,98,137,97,52,37,29,21,242,205,110,182,131,59,0.1476,0.1248,0.0921,0.0813,0.027
magmar.png,126,182,72,25,204,145,94,210,158,21,244,226,77,159,26,5,0.2154,0.1104,0.072,0.0589,0.0391
pinsir.png,127,174,161,136,112,98,81,42,37,32,203,198,166,142,131,107,0.1869,0.1509,0.0443,0.0127,0.0093
tauros.png,128,122,101,49,186,166,112,178,144,48,234,196,85,57,44,15,0.1653,0.1,0.0695,0.0658,0.0381
magikarp.png,129,219,148,98,165,75,43,167,26,5,218,218,225,221,95,49,0.0959,0.0914,0.0517,0.0413,0.026
gyarados.png,130,135,154,190,83,95,126,100,125,160,207,213,226,170,165,136,0.1368,0.131,0.0762,0.059,0.0456
lapras.png,131,126,155,199,171,159,144,78,99,129,120,104,83,193,210,229,0.1541,0.0592,0.0443,0.0229,0.0227
ditto.png,132,208,126,172,231,152,208,130,80,109,178,98,140,221,202,217,0.2291,0.2054,0.0402,0.0336,0.0257
eevee.png,133,189,160,109,128,104,58,43,37,26,166,132,76,211,202,154,0.1453,0.1196,0.0408,0.0285,0.0172
vaporeon.png,134,67,85,124,55,121,105,62,159,136,110,186,168,126,228,205,0.0745,0.0695,0.0661,0.049,0.0325
jolteon.png,135,191,175,93,177,156,51,118,103,62,238,214,64,218,218,223,0.1273,0.0915,0.0892,0.0667,0.0225
flareon.png,136,167,93,21,216,145,13,243,239,58,232,201,9,51,32,17,0.1608,0.1216,0.1056,0.0659,0.0594
porygon.png,137,87,173,222,46,108,167,247,148,138,206,145,137,207,97,83,0.2325,0.1123,0.0657,0.0474,0.0204
omanyte.png,138,224,217,130,179,174,120,116,181,174,115,110,55,157,150,69,0.1414,0.1273,0.1021,0.0854,0.0781
omastar.png,139,114,177,169,183,176,113,158,151,69,116,111,49,66,115,107,0.1343,0.085,0.0844,0.0752,0.062
kabuto.png,140,36,26,17,138,95,32,184,138,41,197,158,103,244,216,74,0.1929,0.1718,0.1456,0.0659,0.04
kabutops.png,141,175,165,139,110,102,77,216,193,138,44,41,33,154,135,86,0.1773,0.0932,0.0495,0.0346,0.0231
aerodactyl.png,142,147,165,172,81,99,110,200,208,216,114,69,141,144,96,172,0.1326,0.0974,0.0916,0.0703,0.0399
snorlax.png,143,90,90,113,222,216,143,188,164,111,148,148,168,114,114,147,0.1671,0.0864,0.0705,0.0335,0.0296
articuno.png,144,121,155,196,76,97,132,188,214,239,91,126,172,34,40,52,0.2021,0.1532,0.0776,0.0368,0.0159
zapdos.png,145,27,24,18,245,226,0,204,164,11,129,98,45,176,162,132,0.1197,0.102,0.0958,0.0876,0.0586
moltres.png,146,200,85,15,247,216,36,216,150,95,225,154,10,213,81,57,0.1715,0.138,0.1142,0.0902,0.021
dratini.png,147,160,129,191,174,173,147,109,83,135,96,96,84,138,108,168,0.0769,0.0669,0.0395,0.0201,0.0157
dragonair.png,148,60,116,157,89,162,207,25,64,109,16,16,16,216,216,224,0.0866,0.0704,0.0311,0.0309,0.0193
dragonite.png,149,191,168,100,232,206,119,117,105,74,156,137,80,42,39,31,0.2602,0.1138,0.0914,0.0436,0.0266
mewtwo.png,150,219,219,233,155,154,173,173,131,200,142,95,173,97,96,111,0.1166,0.0947,0.0549,0.0355,0.033
mew.png,151,244,192,200,222,132,127,198,140,146,157,61,71,192,89,97,0.1416,0.0928,0.0792,0.0665,0.0641
chikorita.png,152,199,231,97,145,182,20,165,173,124,56,123,42,105,107,55,0.1449,0.0859,0.0549,0.0519,0.0414
bayleef.png,153,236,226,102,190,175,94,171,154,45,63,129,29,91,174,40,0.1454,0.0608,0.0605,0.0569,0.0539
meganium.png,154,164,224,79,98,178,47,232,63,91,220,124,136,54,133,31,0.132,0.1114,0.1054,0.0591,0.0441
cyndaquil.png,155,218,80,14,188,163,122,69,87,135,216,146,25,226,205,123,0.1845,0.0712,0.0562,0.0481,0.0367
quilava.png,156,208,82,20,185,157,124,69,84,131,216,150,26,227,206,125,0.1119,0.0628,0.0614,0.0452,0.0291
typhlosion.png,157,190,172,115,179,81,32,69,85,120,226,210,127,201,146,39,0.1027,0.0559,0.0516,0.0425,0.0355
totodile.png,158,108,166,208,61,104,153,159,73,53,28,36,48,192,163,129,0.1591,0.1422,0.0328,0.032,0.0275
croconaw.png,159,94,164,215,62,107,155,199,161,105,155,76,50,237,215,99,0.1412,0.0918,0.05,0.0399,0.038
feraligatr.png,160,98,166,216,59,106,159,196,160,100,170,68,49,244,209,88,0.1955,0.1913,0.0531,0.0394,0.0335
sentret.png,161,202,175,92,132,93,43,228,208,122,59,39,28,174,138,58,0.0815,0.0773,0.0313,0.0276,0.0251
furret.png,162,138,89,67,194,163,101,233,211,123,176,134,69,105,45,38,0.1689,0.0908,0.0429,0.0175,0.0096
hoothoot.png,163,117,101,45,39,35,25,186,154,112,167,151,44,91,80,19,0.15,0.1212,0.0672,0.0589,0.0376
noctowl.png,164,123,92,65,187,164,105,226,205,106,66,41,27,171,137,69,0.1221,0.0807,0.0442,0.0412,0.024
ledyba.png,165,132,88,66,179,159,126,41,33,29,235,218,106,186,153,46,0.1504,0.1451,0.098,0.0441,0.021
ledian.png,166,144,83,55,178,160,135,47,33,28,236,212,112,239,88,35,0.1172,0.082,0.0691,0.0324,0.0314
spinarak.png,167,111,102,61,181,230,82,34,33,25,167,168,127,98,180,35,0.0803,0.0749,0.0692,0.0495,0.0435
ariados.png,168,147,87,43,208,152,86,43,29,22,137,85,214,238,218,89,0.0952,0.0847,0.0504,0.0394,0.0329
crobat.png,169,140,65,157,181,86,191,45,97,136,184,147,191,213,209,214,0.1058,0.0746,0.0572,0.0214,0.0169
chinchou.png,170,140,153,193,93,117,197,183,164,117,238,209,118,66,89,148,0.0499,0.047,0.0349,0.0261,0.0251
lanturn.png,171,110,144,218,139,172,247,48,96,168,183,166,118,75,119,207,0.1686,0.0748,0.0693,0.0527,0.044
pichu.png,172,195,162,107,241,221,119,113,95,67,34,33,30,179,142,49,0.0728,0.0728,0.0691,0.0657,0.0224
cleffa.png,173,223,152,119,148,88,44,60,40,26,117,70,1,188,141,39,0.2217,0.1269,0.0269,0.0249,0.0164
igglybuff.png,174,227,145,110,153,86,59,57,25,20,202,98,64,141,24,17,0.2349,0.0773,0.0268,0.0158,0.0103
togepi.png,175,181,162,129,231,232,240,126,91,68,221,206,140,145,152,181,0.1341,0.0751,0.0636,0.0497,0.03
togetic.png,176,158,159,170,217,217,222,95,98,115,171,163,163,112,99,99,0.0893,0.0792,0.025,0.0151,0.0131
natu.png,177,148,79,40,96,189,84,171,169,125,67,45,34,198,215,71,0.1556,0.13,0.0689,0.056,0.047
xatu.png,178,144,75,44,172,159,141,99,191,87,67,121,60,53,47,44,0.0811,0.0533,0.0437,0.0411,0.0363
mareep.png,179,242,224,121,200,175,104,124,100,51,188,150,39,38,33,23,0.1996,0.1449,0.0808,0.055,0.0542
flaaffy.png,180,219,142,124,153,158,178,214,214,223,148,72,59,220,87,65,0.0864,0.0743,0.0737,0.054,0.0524
ampharos.png,181,245,222,64,141,94,40,195,171,101,203,155,18,44,36,25,0.0853,0.0821,0.0715,0.0634,0.0372
bellossom.png,182,156,85,29,145,162,52,167,176,118,50,38,23,156,21,3,0.1545,0.088,0.0721,0.0663,0.0481
marill.png,183,114,147,232,70,88,142,82,113,208,140,81,55,218,225,218,0.1374,0.069,0.0546,0.0466,0.0461
azumarill.png,184,101,168,217,62,108,159,166,81,44,202,217,228,160,160,160,0.1709,0.0856,0.0344,0.0275,0.0191
sudowoodo.png,185,184,160,104,124,102,55,170,138,65,223,192,104,44,185,51,0.1106,0.0943,0.0447,0.0394,0.026
politoed.png,186,135,176,28,195,226,72,118,101,44,187,172,94,37,34,22,0.1172,0.0885,0.0755,0.055,0.0302
hoppip.png,187,241,92,74,169,68,43,90,180,46,222,142,115,129,201,81,0.0997,0.0728,0.0651,0.0629,0.0612
skiploom.png,188,83,184,41,57,130,31,209,157,9,150,103,27,135,231,55,0.2305,0.0742,0.0658,0.062,0.0339
jumpluff.png,189,79,118,200,178,169,133,226,210,141,118,155,234,65,91,151,0.0868,0.0742,0.0584,0.0376,0.03
aipom.png,190,125,62,152,189,163,115,163,89,198,231,200,116,174,145,183,0.0604,0.0565,0.0402,0.0218,0.0197
sunkern.png,191,173,166,46,229,229,17,109,105,55,100,184,49,164,168,152,0.105,0.0949,0.0854,0.0828,0.0366
sunflora.png,192,165,162,40,161,185,99,114,107,46,216,227,75,42,42,23,0.1293,0.1008,0.0897,0.0728,0.0244
yanma.png,193,222,136,92,170,79,28,153,164,178,222,244,243,202,221,228,0.0861,0.0646,0.0449,0.0362,0.0229
wooper.png,194,117,171,216,70,104,145,177,136,180,196,213,220,197,225,225,0.2499,0.0753,0.0392,0.0332,0.0323
quagsire.png,195,105,159,213,64,98,142,174,204,231,80,129,188,146,99,149,0.2813,0.1382,0.1058,0.048,0.0141
espeon.png,196,177,126,212,207,167,223,100,75,131,113,80,129,132,96,177,0.181,0.0693,0.0616,0.0553,0.0447
umbreon.png,197,97,87,83,51,45,45,155,143,134,207,162,28,238,211,94,0.2132,0.0992,0.0913,0.0165,0.0094
murkrow.png,198,74,95,95,37,52,52,139,156,156,169,162,134,114,99,63,0.1761,0.0747,0.0604,0.0413,0.041
slowking.png,199,209,159,113,139,91,60,218,103,51,62,42,32,233,215,127,0.1761,0.0719,0.0333,0.0199,0.0092
misdreavus.png,200,122,157,150,71,99,105,81,111,105,202,128,155,146,72,102,0.1658,0.0873,0.0733,0.0456,0.0374
unown.png,201,98,98,98,154,154,154,43,43,43,98,98,98,98,98,98,0.1609,0.0684,0.0532,0.1609,0.1609
wobbuffet.png,202,87,161,190,56,114,136,158,208,229,132,82,54,156,18,2,0.2892,0.1288,0.0418,0.035,0.0278
girafarig.png,203,110,95,62,200,170,94,169,144,65,241,211,74,50,44,33,0.1278,0.1184,0.0565,0.0515,0.0355
pineco.png,204,56,103,142,116,174,187,27,40,56,185,222,228,75,154,170,0.2856,0.1347,0.0588,0.0451,0.0332
forretress.png,205,150,66,115,193,134,179,224,174,219,196,92,126,58,25,39,0.1869,0.1357,0.0715,0.067,0.0656
dunsparce.png,206,186,173,106,106,173,184,220,218,125,61,106,134,173,142,52,0.0827,0.0616,0.0447,0.0402,0.0344
gligar.png,207,175,130,205,85,92,137,136,154,193,100,123,172,216,195,237,0.1531,0.0868,0.0805,0.0542,0.0459
steelix.png,208,133,154,167,80,94,117,197,210,202,35,39,46,168,184,180,0.189,0.1528,0.1023,0.0495,0.0279
snubbull.png,209,209,94,102,194,147,141,142,72,82,232,175,160,77,80,91,0.0918,0.0915,0.0718,0.0671,0.053
granbull.png,210,197,126,198,129,86,127,223,156,232,165,105,165,225,193,234,0.1944,0.1463,0.0553,0.0386,0.0351
qwilfish.png,211,71,89,140,87,124,187,119,156,202,178,167,122,116,103,70,0.1523,0.0893,0.082,0.0381,0.0268
scizor.png,212,180,72,25,244,96,18,208,149,106,54,28,17,219,219,223,0.1616,0.0934,0.0931,0.0646,0.0225
shuckle.png,213,204,160,110,149,76,41,240,234,87,54,38,27,175,144,54,0.1032,0.0947,0.0495,0.0407,0.0234
heracross.png,214,79,84,135,101,110,178,137,148,201,35,36,56,53,56,95,0.1076,0.1005,0.0829,0.0231,0.0213
sneasel.png,215,72,102,88,36,49,40,141,161,151,156,152,163,187,144,140,0.1364,0.0414,0.0265,0.0251,0.0185
teddiursa.png,216,185,161,98,126,105,49,164,134,62,47,40,23,94,73,16,0.1399,0.1283,0.0979,0.0325,0.0244
ursaring.png,217,160,128,55,196,165,84,120,96,24,45,32,8,248,208,120,0.1592,0.1261,0.0893,0.0691,0.0188
slugma.png,218,226,143,89,184,78,33,214,101,50,244,198,108,61,34,24,0.1919,0.1835,0.0315,0.0208,0.0144
magcargo.png,219,162,83,50,217,144,95,55,37,31,216,100,47,128,41,13,0.2713,0.1532,0.0652,0.0235,0.0151
swinub.png,220,188,161,95,128,103,46,166,135,62,52,42,16,96,73,13,0.2415,0.1792,0.1255,0.0525,0.0486
piloswine.png,221,194,166,93,128,104,44,162,131,59,50,41,19,95,73,17,0.2682,0.1305,0.1305,0.038,0.0355
corsola.png,222,217,124,148,245,166,189,239,199,209,160,62,78,198,88,113,0.1487,0.123,0.0576,0.0429,0.0413
remoraid.png,223,137,162,175,83,100,130,193,226,222,207,218,222,167,206,202,0.1973,0.0955,0.0828,0.0648,0.0127
octillery.png,224,186,67,27,226,133,79,222,95,48,145,26,10,64,25,16,0.2295,0.1822,0.0517,0.0499,0.0404
delibird.png,225,168,80,32,201,149,103,164,164,169,58,36,22,212,212,214,0.1483,0.1151,0.0424,0.0342,0.0176
mantine.png,226,228,208,227,77,91,117,207,184,200,145,156,182,175,163,174,0.1266,0.0978,0.0614,0.0591,0.0425
skarmory.png,227,156,156,163,204,204,211,101,101,105,144,70,63,190,146,135,0.141,0.0794,0.0724,0.0581,0.0441
houndour.png,228,95,84,80,44,41,41,174,158,143,67,61,61,134,121,121,0.1787,0.1723,0.0717,0.0091,0.0044
houndoom.png,229,46,44,43,96,86,83,169,156,146,135,120,120,70,60,59,0.1743,0.1738,0.1059,0.0103,0.0047
kingdra.png,230,114,159,192,73,103,141,195,214,231,154,185,238,72,145,177,0.1821,0.1005,0.0593,0.0449,0.0221
phanpy.png,231,118,153,196,152,184,231,81,95,133,179,208,228,100,120,167,0.2288,0.1225,0.0775,0.0516,0.036
donphan.png,232,78,105,105,164,158,157,137,165,165,109,94,91,36,47,47,0.12,0.1066,0.0749,0.0516,0.0441
porygon2.png,233,102,177,219,214,134,125,50,103,160,247,148,138,191,227,237,0.1497,0.0719,0.0702,0.0628,0.056
stantler.png,234,201,166,100,135,100,50,179,133,52,238,206,105,45,39,28,0.1335,0.096,0.0742,0.0328,0.024
smeargle.png,235,167,166,140,112,102,70,48,42,28,146,135,95,200,201,168,0.1582,0.118,0.0436,0.0265,0.0173
tyrogue.png,236,192,137,189,227,165,240,162,80,46,130,74,109,191,147,118,0.0971,0.0467,0.0446,0.0443,0.0245
hitmontop.png,237,179,164,114,119,104,61,112,163,208,164,141,71,225,205,127,0.1313,0.067,0.0616,0.0343,0.0338
smoochum.png,238,234,212,81,189,172,114,179,162,46,206,79,119,123,105,62,0.1073,0.0948,0.0845,0.0487,0.0481
elekid.png,239,205,152,17,124,97,51,196,167,100,239,197,90,49,40,27,0.0841,0.0839,0.077,0.0631,0.0291
magby.png,240,223,134,108,153,72,55,208,89,66,53,32,26,241,202,97,0.1494,0.1202,0.0775,0.032,0.0166
miltank.png,241,199,140,123,117,88,80,246,167,159,36,36,42,53,52,51,0.1392,0.0935,0.0811,0.04,0.0351
blissey.png,242,246,167,190,215,130,152,164,164,164,241,201,211,201,86,107,0.2185,0.1195,0.0759,0.0637,0.0489
raikou.png,243,173,162,137,115,102,78,244,204,82,198,148,45,133,65,215,0.1413,0.0993,0.0707,0.0545,0.0437
entei.png,244,126,95,52,177,164,135,48,37,22,177,144,59,94,71,20,0.1841,0.1638,0.0833,0.0658,0.0215
suicune.png,245,133,155,224,116,88,208,86,73,154,191,219,236,162,162,162,0.1463,0.1065,0.1013,0.0524,0.051
larvitar.png,246,135,171,135,181,218,181,86,111,86,136,83,60,34,41,34,0.1246,0.1138,0.0622,0.0252,0.0185
pupitar.png,247,121,162,198,69,104,134,181,214,235,33,44,54,102,93,87,0.2668,0.0997,0.0509,0.0314,0.0116
tyranitar.png,248,136,181,136,82,109,83,193,223,193,35,44,35,103,143,103,0.3274,0.133,0.058,0.0268,0.0199
lugia.png,249,219,220,226,159,161,175,60,97,137,164,161,159,30,28,27,0.142,0.1012,0.0635,0.0369,0.0298
hooh.png,250,190,82,14,207,150,10,86,201,98,174,161,143,52,35,22,0.2495,0.0845,0.0825,0.0642,0.0453
celebi.png,251,124,188,121,51,129,51,207,229,196,72,168,71,24,46,24,0.1068,0.0847,0.0595,0.0523,0.0344
treecko.png,252,166,181,94,109,108,59,121,166,55,69,126,85,41,46,31,0.1156,0.0843,0.075,0.0522,0.035
grovyle.png,253,62,113,83,54,117,128,121,177,131,140,83,70,82,159,182,0.0931,0.0925,0.091,0.0384,0.0372
sceptile.png,254,102,113,45,119,165,52,154,194,88,34,40,24,178,228,100,0.1327,0.1195,0.1133,0.0452,0.0398
torchic.png,255,220,137,83,138,87,65,246,198,90,218,94,56,55,39,34,0.1766,0.0545,0.0478,0.0436,0.0145
combusken.png,256,205,154,100,130,92,71,244,204,100,211,90,56,53,41,34,0.1503,0.0999,0.0468,0.0361,0.0258
blaziken.png,257,207,144,108,143,84,67,240,202,114,208,99,61,113,84,91,0.1676,0.0773,0.0467,0.0376,0.0275
mudkip.png,258,105,163,211,63,112,163,214,155,89,174,182,234,203,206,225,0.2295,0.0912,0.0747,0.0507,0.0203
marshtomp.png,259,114,179,179,86,90,109,220,146,91,146,165,187,153,204,204,0.1146,0.0952,0.0937,0.0482,0.0328
swampert.png,260,67,100,149,106,164,209,190,220,244,200,160,96,161,188,229,0.2838,0.1114,0.1005,0.0514,0.048
poochyena.png,261,87,90,104,160,154,169,192,184,200,34,35,42,163,157,148,0.178,0.1675,0.0698,0.0541,0.029
mightyena.png,262,38,38,50,84,87,103,153,150,161,193,200,207,56,59,77,0.2268,0.1027,0.087,0.0389,0.0212
zigzagoon.png,263,125,100,79,181,155,129,167,120,88,55,41,33,214,196,159,0.1506,0.1469,0.0271,0.0259,0.0087
linoone.png,264,176,157,135,125,100,77,43,40,35,207,196,165,146,127,105,0.1164,0.0951,0.0176,0.01,0.0047
wurmple.png,265,195,150,125,120,99,90,195,82,89,215,203,154,167,163,40,0.1772,0.0671,0.0668,0.0471,0.0308
silcoon.png,266,162,162,168,209,204,216,104,103,110,219,215,221,170,170,169,0.0934,0.065,0.0219,0.0131,0.0128
beautifly.png,267,160,155,119,234,233,71,110,109,93,141,140,101,147,127,222,0.186,0.0752,0.0737,0.0223,0.0094
cascoon.png,268,227,203,221,169,154,174,161,154,169,213,175,220,110,98,110,0.1275,0.0809,0.0483,0.038,0.0191
dustox.png,269,135,90,70,138,156,136,173,167,109,185,211,102,198,140,181,0.0938,0.0839,0.0595,0.0518,0.0392
lotad.png,270,70,126,43,94,172,54,51,106,135,122,196,82,51,83,33,0.2008,0.0814,0.0647,0.0618,0.0302
lombre.png,271,132,156,62,124,108,68,165,181,106,129,184,136,202,237,184,0.1614,0.1093,0.0993,0.0552,0.0508
ludicolo.png,272,171,172,102,194,222,111,120,107,78,94,124,81,138,147,87,0.2074,0.1283,0.057,0.0397,0.0313
seedot.png,273,178,177,114,128,100,54,151,142,76,214,204,132,83,82,33,0.1543,0.1166,0.0589,0.0501,0.0242
nuzleaf.png,274,181,165,118,153,125,150,108,90,104,115,101,87,206,204,147,0.1279,0.0638,0.0577,0.0418,0.0201
shiftry.png,275,129,77,84,225,218,245,179,144,124,108,174,100,135,92,77,0.1295,0.1165,0.0763,0.0417,0.0399
taillow.png,276,74,87,136,187,159,121,145,84,73,27,32,53,44,52,90,0.1295,0.0439,0.038,0.0248,0.0215
swellow.png,277,70,82,122,192,145,136,140,74,89,47,56,92,144,73,72,0.1586,0.0443,0.0386,0.0279,0.0279
wingull.png,278,152,155,183,225,218,241,166,157,145,114,100,79,97,102,127,0.034,0.0325,0.0258,0.0178,0.0163
pelipper.png,279,246,207,97,207,164,100,217,218,232,128,166,182,64,114,131,0.1373,0.1324,0.103,0.0648,0.0621
ralts.png,280,211,214,229,122,183,122,153,161,177,196,242,170,171,154,141,0.0891,0.0722,0.0674,0.0516,0.0296
kirlia.png,281,122,180,123,212,216,232,196,241,171,68,120,79,154,161,175,0.0819,0.074,0.06,0.0358,0.0358
gardevoir.png,282,214,217,234,121,180,124,66,118,81,149,160,180,196,239,172,0.1677,0.055,0.0421,0.0362,0.0317
surskit.png,283,68,112,129,111,161,183,67,99,99,158,166,165,176,148,43,0.0619,0.0378,0.023,0.0166,0.0153
masquerain.png,284,208,155,103,150,162,182,139,84,51,190,211,224,197,134,49,0.0696,0.0634,0.0552,0.0381,0.0341
shroomish.png,285,196,164,111,230,192,136,122,100,68,136,187,124,80,108,67,0.1732,0.1164,0.0627,0.0334,0.0234
breloom.png,286,117,103,58,177,170,105,136,146,66,39,33,19,236,205,120,0.1424,0.1354,0.0857,0.0533,0.0369
slakoth.png,287,182,158,128,115,95,74,52,41,31,219,194,155,154,128,94,0.1483,0.095,0.029,0.0147,0.0074
vigoroth.png,288,168,156,154,112,91,83,38,37,36,211,85,84,138,67,80,0.0974,0.0752,0.0189,0.0103,0.0047
slaking.png,289,173,150,126,119,93,74,212,212,235,54,34,26,134,66,79,0.1892,0.1392,0.0565,0.0314,0.0272
nincada.png,290,171,157,141,122,103,89,118,167,107,91,123,95,51,48,47,0.1201,0.065,0.0153,0.0089,0.0064
ninjask.png,291,161,167,167,156,89,49,218,220,220,199,158,111,32,24,16,0.0788,0.0493,0.0399,0.0394,0.0327
shedinja.png,292,169,151,55,121,104,47,190,180,106,229,213,87,51,46,26,0.1456,0.1452,0.1207,0.0284,0.0181
whismur.png,293,218,127,191,217,164,80,138,72,112,185,90,147,246,204,115,0.2309,0.116,0.0683,0.0683,0.0677
loudred.png,294,86,80,128,152,146,194,118,111,170,142,81,49,193,153,118,0.1425,0.0973,0.0837,0.0774,0.0524
exploud.png,295,84,77,129,150,144,196,181,180,229,145,78,42,205,158,100,0.1208,0.102,0.0881,0.0829,0.0829
makuhita.png,296,207,167,78,246,206,80,124,100,68,88,89,111,178,140,61,0.2986,0.1513,0.092,0.088,0.0508
hariyama.png,297,207,157,94,149,94,65,235,203,112,50,50,97,88,87,127,0.2302,0.1799,0.0396,0.0301,0.0293
azurill.png,298,114,145,228,63,86,149,74,110,224,149,181,247,22,29,44,0.1934,0.1429,0.1224,0.0407,0.0383
nosepass.png,299,132,149,161,92,103,114,144,180,174,154,79,42,186,207,213,0.1844,0.1112,0.1112,0.0697,0.0428
skitty.png,300,224,140,110,139,87,72,240,208,114,245,168,146,196,99,81,0.2627,0.0642,0.0381,0.0362,0.0338
delcatty.png,301,214,163,84,196,138,151,138,82,94,131,97,74,167,104,117,0.1322,0.1255,0.0902,0.045,0.0442
sableye.png,302,121,86,121,182,132,179,159,110,157,50,36,50,150,143,195,0.1358,0.0951,0.0626,0.0289,0.0121
mawile.png,303,163,146,120,98,95,89,39,38,36,243,197,106,136,75,102,0.1978,0.1241,0.0614,0.0349,0.0143
aron.png,304,168,159,159,99,96,94,31,30,29,72,106,133,200,186,186,0.143,0.1277,0.0736,0.0095,0.0092
lairon.png,305,163,156,156,99,97,95,112,93,98,37,36,35,165,153,155,0.1463,0.1344,0.025,0.0224,0.0165
aggron.png,306,101,99,96,160,154,154,34,33,32,158,118,117,147,60,71,0.2506,0.214,0.044,0.0045,0.0045
meditite.png,307,170,159,158,125,155,193,80,102,132,96,92,92,29,28,28,0.1057,0.097,0.0411,0.038,0.0214
medicham.png,308,190,150,137,197,91,84,124,91,84,247,153,143,44,32,30,0.1278,0.0492,0.0462,0.0227,0.0212
electrike.png,309,124,179,125,152,215,128,79,112,83,95,150,99,215,221,52,0.1313,0.0862,0.0763,0.0286,0.0248
manectric.png,310,221,227,93,125,146,200,83,91,116,174,179,113,152,151,81,0.1172,0.0671,0.0495,0.0457,0.0266
plusle.png,311,196,153,123,127,94,72,211,96,71,228,205,134,41,28,22,0.139,0.0832,0.0538,0.0422,0.0289
minun.png,312,112,148,217,177,168,139,87,119,214,226,204,134,71,93,134,0.0588,0.0575,0.0554,0.0423,0.0388
volbeat.png,313,146,157,172,193,162,108,83,85,95,121,99,71,212,74,91,0.1441,0.0962,0.0832,0.0718,0.0709
illumise.png,314,136,159,193,92,91,90,166,95,187,116,78,126,189,163,109,0.1119,0.1103,0.0685,0.0619,0.0585
roselia.png,315,137,185,124,106,153,193,62,104,147,83,116,72,219,85,120,0.075,0.0612,0.0549,0.0428,0.0414
gulpin.png,316,160,215,144,139,174,124,87,110,76,172,166,139,194,226,181,0.1931,0.1555,0.0643,0.0285,0.0275
swalot.png,317,194,150,247,149,102,197,169,129,216,101,100,96,100,80,123,0.3119,0.1464,0.1046,0.0569,0.0387
carvanha.png,318,145,81,58,195,144,42,56,85,154,195,166,95,225,59,58,0.1077,0.0725,0.0541,0.0512,0.0305
sharpedo.png,319,69,108,121,141,158,168,218,206,238,135,72,87,182,137,147,0.1281,0.0548,0.0548,0.0429,0.0217
wailmer.png,320,59,106,151,186,169,132,111,155,197,111,104,88,28,43,60,0.2631,0.0714,0.0701,0.0193,0.0169
wailord.png,321,218,210,230,178,169,179,59,103,237,50,83,164,202,195,208,0.1477,0.1433,0.0799,0.0517,0.0238
numel.png,322,173,179,42,233,214,3,188,173,82,115,110,60,203,217,107,0.1456,0.1203,0.0972,0.0459,0.0276
camerupt.png,323,174,92,39,199,158,89,206,206,131,161,142,71,60,46,35,0.264,0.1571,0.0267,0.0252,0.0239
torkoal.png,324,181,164,156,129,81,68,43,35,33,184,106,80,108,81,83,0.2822,0.1598,0.0427,0.0069,0.0062
spoink.png,325,100,105,111,180,156,138,138,138,146,97,92,89,42,43,39,0.0811,0.0557,0.0484,0.0377,0.0233
grumpig.png,326,98,98,98,188,131,181,123,90,111,224,167,227,152,152,152,0.1555,0.1094,0.0589,0.0548,0.0453
spinda.png,327,183,164,127,130,96,70,217,200,153,47,42,37,149,131,99,0.1605,0.1047,0.0322,0.0165,0.0162
trapinch.png,328,212,144,98,127,89,77,247,184,119,172,106,98,52,46,42,0.3493,0.1138,0.0543,0.0222,0.0165
vibrava.png,329,110,187,147,102,101,96,158,157,145,71,121,97,31,30,29,0.0791,0.0754,0.0674,0.0544,0.0329
flygon.png,330,180,161,117,193,234,121,119,92,72,131,176,131,79,115,88,0.1236,0.1163,0.0626,0.0518,0.0468
cacnea.png,331,72,117,54,162,184,104,202,222,109,130,158,75,96,112,68,0.0635,0.0571,0.0536,0.0473,0.0388
cacturne.png,332,156,183,110,63,123,72,123,175,117,180,213,111,126,156,80,0.1071,0.0879,0.0616,0.0546,0.0474
swablu.png,333,215,218,230,127,166,199,79,116,143,183,185,208,23,33,43,0.1417,0.1055,0.0155,0.0086,0.0061
altaria.png,334,217,221,233,132,162,196,71,99,135,184,189,205,22,30,40,0.3018,0.139,0.0462,0.0158,0.0142
zangoose.png,335,217,204,211,188,146,154,122,85,110,196,94,117,176,139,137,0.1451,0.1051,0.0398,0.0246,0.0185
seviper.png,336,93,80,73,44,42,40,189,170,104,120,60,125,163,144,67,0.2273,0.2039,0.0656,0.0449,0.0248
lunatone.png,337,252,251,247,220,203,140,120,100,76,49,41,34,160,50,69,0.4064,0.0713,0.0688,0.022,0.022
solrock.png,338,205,154,71,144,96,57,43,32,21,232,208,112,200,120,48,0.1552,0.0784,0.0523,0.0417,0.0301
barboach.png,339,146,156,185,88,96,123,205,208,216,104,119,168,163,187,232,0.1709,0.0711,0.0708,0.0325,0.0198
whiscash.png,340,80,98,139,119,156,188,193,166,104,122,104,71,128,214,246,0.1336,0.1206,0.0867,0.0398,0.0398
corphish.png,341,165,88,31,203,153,92,53,30,12,227,197,128,188,125,55,0.2351,0.1409,0.0739,0.0358,0.0322
crawdaunt.png,342,169,80,21,202,161,92,53,26,11,205,128,35,233,203,109,0.2046,0.1194,0.0885,0.0218,0.021
baltoy.png,343,184,171,115,117,105,83,150,151,71,209,206,139,208,70,95,0.1105,0.0874,0.0708,0.0208,0.0131
claydol.png,344,107,101,61,180,148,119,85,84,36,135,135,103,159,154,178,0.2644,0.1303,0.0449,0.0279,0.0213
lileep.png,345,219,148,91,166,98,44,134,71,113,245,198,114,22,14,6,0.1579,0.0745,0.0507,0.0354,0.034
cradily.png,346,116,179,106,205,159,108,75,113,80,122,88,64,39,28,19,0.1215,0.09,0.0897,0.0401,0.032
anorith.png,347,87,105,87,190,144,129,93,94,104,144,169,144,32,26,23,0.0747,0.0688,0.0658,0.0626,0.0522
armaldo.png,348,87,89,114,29,30,41,194,166,118,146,146,180,119,96,75,0.1633,0.0808,0.0744,0.0732,0.064
feebas.png,349,116,99,74,156,162,181,176,165,119,215,214,137,95,97,117,0.0883,0.0872,0.0825,0.0658,0.0324
milotic.png,350,207,155,128,145,83,70,201,98,69,135,159,191,182,134,147,0.1361,0.0801,0.0592,0.0584,0.0259
castformrainy.png,351,131,166,197,152,148,152,101,117,180,89,105,128,202,222,234,0.1594,0.068,0.0493,0.0447,0.0364
castformsnowy.png,351,129,175,155,76,106,93,147,127,206,127,88,186,189,225,230,0.2241,0.1238,0.0336,0.0311,0.0286
castform.png,351,163,158,158,102,98,97,220,219,236,44,43,43,210,198,202,0.1079,0.0454,0.0161,0.009,0.0073
castformsunny.png,351,226,143,94,139,90,70,199,97,76,249,244,249,217,209,232,0.2471,0.1097,0.0526,0.0336,0.0313
kecleon.png,352,108,179,128,78,122,84,181,173,110,220,219,115,90,152,105,0.1333,0.1183,0.0742,0.034,0.0315
shuppet.png,353,158,163,171,146,134,141,106,97,104,98,97,77,164,163,161,0.1686,0.1372,0.0878,0.0135,0.011
banette.png,354,99,99,120,148,148,167,147,92,52,184,155,123,37,37,46,0.2288,0.1001,0.0444,0.037,0.0362
duskull.png,355,97,97,86,157,153,135,41,41,39,134,133,115,207,200,164,0.2376,0.1047,0.0328,0.0172,0.0111
dusclops.png,356,106,95,85,161,153,141,135,134,112,50,44,42,102,102,109,0.223,0.1744,0.0203,0.017,0.011
tropius.png,357,106,199,116,144,106,52,65,166,71,54,124,55,186,148,94,0.2187,0.1642,0.076,0.0752,0.0628
chimecho.png,358,143,174,203,189,213,232,86,101,126,199,133,152,149,68,87,0.0621,0.03,0.0196,0.0164,0.0162
absol.png,359,197,197,213,92,108,108,0,0,0,40,56,56,144,144,168,0.0898,0.0796,0.0445,0.0279,0.0219
wynaut.png,360,100,169,197,65,111,130,74,145,174,140,54,70,174,210,226,0.2441,0.1274,0.0308,0.0303,0.0255
snorunt.png,361,214,156,99,112,81,72,241,202,112,189,104,83,57,51,50,0.1992,0.1711,0.0355,0.0176,0.0164
glalie.png,362,88,90,105,155,157,176,211,212,226,44,44,59,116,122,147,0.1512,0.1469,0.1371,0.1026,0.0204
spheal.png,363,183,175,139,162,168,244,205,205,242,139,146,201,103,116,195,0.0736,0.0725,0.0588,0.0577,0.051
sealeo.png,364,120,156,200,76,102,130,211,212,230,154,175,234,190,173,157,0.1836,0.0464,0.0461,0.0296,0.0248
walrein.png,365,101,149,202,53,101,152,204,212,232,0,0,0,248,210,120,0.2284,0.1704,0.0965,0.0588,0.0166
clamperl.png,366,64,96,137,2,2,2,140,162,186,207,214,226,13,37,65,0.1754,0.1713,0.1507,0.1086,0.0602
huntail.png,367,116,177,196,192,162,113,200,140,19,73,150,173,67,111,128,0.0837,0.0784,0.0695,0.0574,0.0556
gorebyss.png,368,218,131,165,126,82,113,165,99,165,236,165,182,166,165,165,0.1418,0.0521,0.0424,0.0245,0.0146
relicanth.png,369,178,155,132,116,96,86,41,35,31,216,193,157,173,112,100,0.2611,0.1434,0.0272,0.0113,0.0064
luvdisc.png,370,217,152,131,121,88,83,237,197,138,42,39,39,159,113,105,0.3277,0.0365,0.0129,0.0089,0.0082
bagon.png,371,118,115,187,149,148,184,94,92,120,211,205,224,166,166,241,0.1454,0.1044,0.0908,0.0501,0.0342
shelgon.png,372,158,155,173,95,95,116,102,91,74,201,201,203,168,167,163,0.1491,0.0504,0.0435,0.0262,0.0216
salamence.png,373,114,116,196,183,112,73,84,90,129,144,145,194,210,135,101,0.1063,0.1004,0.0778,0.0761,0.0697
beldum.png,374,58,90,158,109,162,220,72,124,201,46,57,110,27,34,51,0.21,0.0995,0.0935,0.074,0.0449
metang.png,375,63,92,155,106,163,226,74,124,199,168,168,168,45,57,109,0.1502,0.1342,0.0734,0.0305,0.0289
metagross.png,376,62,89,147,107,162,225,72,124,200,29,35,56,44,57,106,0.1052,0.0926,0.0674,0.0433,0.0357
regirock.png,377,189,159,124,122,101,70,208,199,165,165,130,79,80,71,42,0.2931,0.0984,0.0356,0.0341,0.0056
regice.png,378,147,154,197,190,210,230,88,92,128,121,113,168,217,247,246,0.2189,0.1133,0.0812,0.0695,0.0242
registeel.png,379,166,164,153,111,106,96,218,212,224,207,202,209,180,150,163,0.1901,0.1431,0.0583,0.0322,0.0309
latias.png,380,212,211,233,219,129,119,198,80,88,150,66,77,185,140,149,0.1158,0.0582,0.0565,0.0552,0.0422
latios.png,381,66,95,154,75,125,201,168,167,167,115,158,215,156,152,156,0.0995,0.099,0.0837,0.0734,0.038
kyogre.png,382,63,91,155,76,124,200,150,59,92,119,155,206,44,57,107,0.1643,0.064,0.056,0.0537,0.0285
groudon.png,383,130,73,82,190,137,146,205,77,87,62,32,35,121,37,44,0.1857,0.0977,0.0844,0.0787,0.0608
rayquaza.png,384,71,114,93,111,179,142,85,156,116,117,98,75,143,215,174,0.2287,0.1336,0.0549,0.025,0.0242
jirachi.png,385,203,180,99,240,217,94,208,216,223,144,158,191,77,91,123,0.1626,0.1156,0.0686,0.0569,0.0324
deoxysdefense.png,386,221,134,98,203,103,101,137,86,70,73,113,91,112,187,152,0.1836,0.1157,0.1004,0.0328,0.0239
deoxysspeed.png,386,213,126,102,24,24,24,111,92,67,123,190,164,57,99,90,0.0939,0.0747,0.0666,0.0468,0.0096
deoxys.png,386,138,90,64,202,140,107,121,184,155,73,118,98,194,105,64,0.0992,0.0977,0.0401,0.0357,0.0292
deoxysattack.png,386,208,136,112,126,92,81,121,184,155,73,113,92,48,39,35,0.1255,0.1038,0.0389,0.0296,0.0227
